Text, E i ________
35.68253562743021 139.8652754293327, E i 12546 (aimai)
